,Chr,Start,End,Ref,Alt,Func_refGene,Gene_refGene,GeneDetail_refGene,ExonicFunc_refGene,AAChange_refGene,cytoBand,ExAC_ALL,ExAC_AFR,ExAC_AMR,ExAC_EAS,ExAC_FIN,ExAC_NFE,ExAC_OTH,ExAC_SAS,avsnp147,SIFT_score,SIFT_pred,Polyphen2_HDIV_score,Polyphen2_HDIV_pred,Polyphen2_HVAR_score,Polyphen2_HVAR_pred,LRT_score,LRT_pred,MutationTaster_score,MutationTaster_pred,MutationAssessor_score,MutationAssessor_pred,FATHMM_score,FATHMM_pred,PROVEAN_score,PROVEAN_pred,VEST3_score,CADD_raw,CADD_phred,DANN_score,fathmm-MKL_coding_score,fathmm-MKL_coding_pred,MetaSVM_score,MetaSVM_pred,MetaLR_score,MetaLR_pred,integrated_fitCons_score,integrated_confidence_value,GERP++_RS,phyloP7way_vertebrate,phyloP20way_mammalian,phastCons7way_vertebrate,phastCons20way_mammalian,SiPhy_29way_logOdds,Otherinfo1,Otherinfo2,Otherinfo3,Otherinfo4,Otherinfo5,Otherinfo6,Otherinfo7,Otherinfo8,Otherinfo9,Otherinfo10,Otherinfo11,Otherinfo12,Otherinfo13,patient_number
0,chr1,182631,182631,A,G,ncRNA_exonic,DDX11L17,.,.,.,1p36.33,.,.,.,.,.,.,.,.,.,.,.,.,.,.,.,.,.,.,.,.,.,.,.,.,.,.,.,.,.,.,.,.,.,.,.,.,.,.,.,.,.,.,.,1.0,123.97,6,chr1,182631,.,A,G,123.97,.,AC=2;AF=1.00;AN=2;DP=6;ExcessHet=0.0000;FS=0.000;MLEAC=2;MLEAF=1.00;MQ=35.17;QD=20.66;SOR=1.329,GT:AD:DP:GQ:PL,"1/1:0,6:6:18:138,18,0",patient_number1
1,chr1,183697,183697,G,A,ncRNA_intronic,DDX11L17,.,.,.,1p36.33,.,.,.,.,.,.,.,.,.,.,.,.,.,.,.,.,.,.,.,.,.,.,.,.,.,.,.,.,.,.,.,.,.,.,.,.,.,.,.,.,.,.,.,1.0,72.84,3,chr1,183697,.,G,A,72.84,.,AC=2;AF=1.00;AN=2;DP=3;ExcessHet=0.0000;FS=0.000;MLEAC=1;MLEAF=0.500;MQ=29.77;QD=24.28;SOR=1.179,GT:AD:DP:GQ:PL,"1/1:0,3:3:9:86,9,0",patient_number1
2,chr1,183800,183800,C,G,ncRNA_exonic,DDX11L17,.,.,.,1p36.33,.,.,.,.,.,.,.,.,.,.,.,.,.,.,.,.,.,.,.,.,.,.,.,.,.,.,.,.,.,.,.,.,.,.,.,.,.,.,.,.,.,.,.,0.5,57.64,7,chr1,183800,.,C,G,57.64,.,AC=1;AF=0.500;AN=2;BaseQRankSum=-0.524;DP=7;ExcessHet=0.0000;FS=0.000;MLEAC=1;MLEAF=0.500;MQ=40.31;MQRankSum=0.328;QD=8.23;ReadPosRankSum=1.006;SOR=0.446,GT:AD:DP:GQ:PL,"0/1:4,3:7:65:65,0,110",patient_number1
3,chr1,183937,183937,G,A,ncRNA_exonic,DDX11L17,.,.,.,1p36.33,.,.,.,.,.,.,.,.,.,.,.,.,.,.,.,.,.,.,.,.,.,.,.,.,.,.,.,.,.,.,.,.,.,.,.,.,.,.,.,.,.,.,.,0.5,98.64,10,chr1,183937,.,G,A,98.64,.,AC=1;AF=0.500;AN=2;BaseQRankSum=-0.175;DP=10;ExcessHet=0.0000;FS=0.000;MLEAC=1;MLEAF=0.500;MQ=40.10;MQRankSum=-0.674;QD=9.86;ReadPosRankSum=1.016;SOR=0.850,GT:AD:DP:GQ:PL,"0/1:5,5:10:99:106,0,103",patient_number1
9,chr1,182631,182631,A,G,ncRNA_exonic,DDX11L17,.,.,.,1p36.33,.,.,.,.,.,.,.,.,.,.,.,.,.,.,.,.,.,.,.,.,.,.,.,.,.,.,.,.,.,.,.,.,.,.,.,.,.,.,.,.,.,.,.,0.5,87.64,39,chr1,182631,.,A,G,87.64,.,AC=1;AF=0.500;AN=2;BaseQRankSum=-0.838;DP=39;ExcessHet=0.0000;FS=0.000;MLEAC=1;MLEAF=0.500;MQ=35.88;MQRankSum=0.469;QD=2.25;ReadPosRankSum=-1.409;SOR=0.446,GT:AD:DP:GQ:PL,"0/1:31,8:39:95:95,0,738",patient_number2
10,chr1,183078,183078,G,A,ncRNA_intronic,DDX11L17,.,.,.,1p36.33,.,.,.,.,.,.,.,.,.,.,.,.,.,.,.,.,.,.,.,.,.,.,.,.,.,.,.,.,.,.,.,.,.,.,.,.,.,.,.,.,.,.,.,0.5,36.64,7,chr1,183078,.,G,A,36.64,.,AC=1;AF=0.500;AN=2;BaseQRankSum=1.180;DP=7;ExcessHet=0.0000;FS=8.451;MLEAC=1;MLEAF=0.500;MQ=30.06;MQRankSum=1.981;QD=5.23;ReadPosRankSum=-0.366;SOR=2.215,GT:AD:DP:GQ:PL,"0/1:5,2:7:44:44,0,121",patient_number2
11,chr1,183358,183358,G,C,ncRNA_intronic,DDX11L17,.,.,.,1p36.33,.,.,.,.,.,.,.,.,.,.,.,.,.,.,.,.,.,.,.,.,.,.,.,.,.,.,.,.,.,.,.,.,.,.,.,.,.,.,.,.,.,.,.,0.5,35.64,8,chr1,183358,.,G,C,35.64,.,AC=1;AF=0.500;AN=2;BaseQRankSum=1.242;DP=9;ExcessHet=0.0000;FS=3.332;MLEAC=1;MLEAF=0.500;MQ=26.60;MQRankSum=1.150;QD=4.45;ReadPosRankSum=1.242;SOR=2.303,GT:AD:DP:GQ:PL,"0/1:6,2:8:43:43,0,134",patient_number2
12,chr1,183800,183800,C,G,ncRNA_exonic,DDX11L17,.,.,.,1p36.33,.,.,.,.,.,.,.,.,.,.,.,.,.,.,.,.,.,.,.,.,.,.,.,.,.,.,.,.,.,.,.,.,.,.,.,.,.,.,.,.,.,.,.,0.5,53.64,8,chr1,183800,.,C,G,53.64,.,AC=1;AF=0.500;AN=2;BaseQRankSum=-0.135;DP=8;ExcessHet=0.0000;FS=0.000;MLEAC=1;MLEAF=0.500;MQ=42.64;MQRankSum=-1.699;QD=6.70;ReadPosRankSum=-0.272;SOR=0.818,GT:AD:DP:GQ:PL,"0/1:5,3:8:61:61,0,128",patient_number2
15,chr1,182903,182903,C,G,ncRNA_intronic,DDX11L17,.,.,.,1p36.33,.,.,.,.,.,.,.,.,.,.,.,.,.,.,.,.,.,.,.,.,.,.,.,.,.,.,.,.,.,.,.,.,.,.,.,.,.,.,.,.,.,.,.,1.0,42.32,2,chr1,182903,.,C,G,42.32,.,AC=2;AF=1.00;AN=2;DP=2;ExcessHet=0.0000;FS=0.000;MLEAC=1;MLEAF=0.500;MQ=22.51;QD=21.16;SOR=2.303,GT:AD:DP:GQ:PL,"1/1:0,2:2:6:54,6,0",patient_number3
16,chr1,183189,183189,G,C,ncRNA_exonic,DDX11L17,.,.,.,1p36.33,.,.,.,.,.,.,.,.,.,.,.,.,.,.,.,.,.,.,.,.,.,.,.,.,.,.,.,.,.,.,.,.,.,.,.,.,.,.,.,.,.,.,.,0.5,49.64,9,chr1,183189,.,G,C,49.64,.,AC=1;AF=0.500;AN=2;BaseQRankSum=-1.383;DP=10;ExcessHet=0.0000;FS=0.000;MLEAC=1;MLEAF=0.500;MQ=38.87;MQRankSum=1.383;QD=5.52;ReadPosRankSum=0.366;SOR=0.223,GT:AD:DP:GQ:PL,"0/1:6,3:9:57:57,0,153",patient_number3
22,chr1,182631,182631,A,G,ncRNA_exonic,DDX11L17,.,.,.,1p36.33,.,.,.,.,.,.,.,.,.,.,.,.,.,.,.,.,.,.,.,.,.,.,.,.,.,.,.,.,.,.,.,.,.,.,.,.,.,.,.,.,.,.,.,0.5,190.64,21,chr1,182631,.,A,G,190.64,.,AC=1;AF=0.500;AN=2;BaseQRankSum=0.754;DP=21;ExcessHet=0.0000;FS=0.000;MLEAC=1;MLEAF=0.500;MQ=35.53;MQRankSum=0.699;QD=9.08;ReadPosRankSum=-0.599;SOR=0.892,GT:AD:DP:GQ:PL,"0/1:11,10:21:99:198,0,219",patient_number4
23,chr1,183629,183629,G,A,ncRNA_intronic,DDX11L17,.,.,.,1p36.33,.,.,.,.,.,.,.,.,.,.,.,.,.,.,.,.,.,.,.,.,.,.,.,.,.,.,.,.,.,.,.,.,.,.,.,.,.,.,.,.,.,.,.,0.5,103.64,8,chr1,183629,.,G,A,103.64,.,AC=1;AF=0.500;AN=2;BaseQRankSum=-0.703;DP=8;ExcessHet=0.0000;FS=0.000;MLEAC=1;MLEAF=0.500;MQ=38.88;MQRankSum=-0.135;QD=12.95;ReadPosRankSum=-1.292;SOR=0.799,GT:AD:DP:GQ:PL,"0/1:3,5:8:53:111,0,53",patient_number4
24,chr1,183800,183800,C,G,ncRNA_exonic,DDX11L17,.,.,.,1p36.33,.,.,.,.,.,.,.,.,.,.,.,.,.,.,.,.,.,.,.,.,.,.,.,.,.,.,.,.,.,.,.,.,.,.,.,.,.,.,.,.,.,.,.,0.5,64.64,12,chr1,183800,.,C,G,64.64,.,AC=1;AF=0.500;AN=2;BaseQRankSum=0.708;DP=13;ExcessHet=0.0000;FS=0.000;MLEAC=1;MLEAF=0.500;MQ=37.28;MQRankSum=-1.746;QD=5.39;ReadPosRankSum=0.745;SOR=0.368,GT:AD:DP:GQ:PL,"0/1:8,4:12:72:72,0,195",patient_number4
25,chr1,183937,183937,G,A,ncRNA_exonic,DDX11L17,.,.,.,1p36.33,.,.,.,.,.,.,.,.,.,.,.,.,.,.,.,.,.,.,.,.,.,.,.,.,.,.,.,.,.,.,.,.,.,.,.,.,.,.,.,.,.,.,.,0.5,49.64,14,chr1,183937,.,G,A,49.64,.,AC=1;AF=0.500;AN=2;BaseQRankSum=-1.821;DP=14;ExcessHet=0.0000;FS=0.000;MLEAC=1;MLEAF=0.500;MQ=35.79;MQRankSum=1.590;QD=3.55;ReadPosRankSum=-0.212;SOR=0.693,GT:AD:DP:GQ:PL,"0/1:10,4:14:57:57,0,246",patient_number4
29,chr1,182686,182686,A,G,ncRNA_exonic,DDX11L17,.,.,.,1p36.33,.,.,.,.,.,.,.,.,.,.,.,.,.,.,.,.,.,.,.,.,.,.,.,.,.,.,.,.,.,.,.,.,.,.,.,.,.,.,.,.,.,.,.,0.5,1359.64,77,chr1,182686,.,A,G,1359.64,.,AC=1;AF=0.500;AN=2;BaseQRankSum=0.134;DP=77;ExcessHet=0.0000;FS=1.182;MLEAC=1;MLEAF=0.500;MQ=46.41;MQRankSum=3.306;QD=17.66;ReadPosRankSum=-1.912;SOR=0.791,GT:AD:DP:GQ:PL,"0/1:13,64:77:97:1367,0,97",patient_number5
31,chr1,183078,183078,G,A,ncRNA_intronic,DDX11L17,.,.,.,1p36.33,.,.,.,.,.,.,.,.,.,.,.,.,.,.,.,.,.,.,.,.,.,.,.,.,.,.,.,.,.,.,.,.,.,.,.,.,.,.,.,.,.,.,.,1.0,60.32,2,chr1,183078,.,G,A,60.32,.,AC=2;AF=1.00;AN=2;DP=2;ExcessHet=0.0000;FS=0.000;MLEAC=1;MLEAF=0.500;MQ=40.00;QD=30.16;SOR=2.303,GT:AD:DP:GQ:PL,"1/1:0,2:2:6:72,6,0",patient_number6
32,chr1,183937,183937,G,A,ncRNA_exonic,DDX11L17,.,.,.,1p36.33,.,.,.,.,.,.,.,.,.,.,.,.,.,.,.,.,.,.,.,.,.,.,.,.,.,.,.,.,.,.,.,.,.,.,.,.,.,.,.,.,.,.,.,0.5,144.64,14,chr1,183937,.,G,A,144.64,.,AC=1;AF=0.500;AN=2;BaseQRankSum=-0.469;DP=14;ExcessHet=0.0000;FS=11.553;MLEAC=1;MLEAF=0.500;MQ=32.74;MQRankSum=-2.622;QD=10.33;ReadPosRankSum=0.873;SOR=0.456,GT:AD:DP:GQ:PL,"0/1:7,7:14:99:152,0,162",patient_number6
35,chr1,182686,182686,A,G,ncRNA_exonic,DDX11L17,.,.,.,1p36.33,.,.,.,.,.,.,.,.,.,.,.,.,.,.,.,.,.,.,.,.,.,.,.,.,.,.,.,.,.,.,.,.,.,.,.,.,.,.,.,.,.,.,.,0.5,556.64,70,chr1,182686,.,A,G,556.64,.,AC=1;AF=0.500;AN=2;BaseQRankSum=1.386;DP=72;ExcessHet=0.0000;FS=3.209;MLEAC=1;MLEAF=0.500;MQ=46.84;MQRankSum=3.765;QD=7.95;ReadPosRankSum=-3.490;SOR=1.011,GT:AD:DP:GQ:PL,"0/1:39,31:70:99:564,0,760",patient_number7
38,chr1,183189,183189,G,C,ncRNA_exonic,DDX11L17,.,.,.,1p36.33,.,.,.,.,.,.,.,.,.,.,.,.,.,.,.,.,.,.,.,.,.,.,.,.,.,.,.,.,.,.,.,.,.,.,.,.,.,.,.,.,.,.,.,0.5,71.64,10,chr1,183189,.,G,C,71.64,.,AC=1;AF=0.500;AN=2;BaseQRankSum=-0.431;DP=10;ExcessHet=0.0000;FS=3.010;MLEAC=1;MLEAF=0.500;MQ=38.75;MQRankSum=-1.309;QD=7.16;ReadPosRankSum=0.405;SOR=0.105,GT:AD:DP:GQ:PL,"0/1:6,4:10:79:79,0,151",patient_number8
39,chr1,182686,182686,A,G,ncRNA_exonic,DDX11L17,.,.,.,1p36.33,.,.,.,.,.,.,.,.,.,.,.,.,.,.,.,.,.,.,.,.,.,.,.,.,.,.,.,.,.,.,.,.,.,.,.,.,.,.,.,.,.,.,.,0.5,267.64,52,chr1,182686,.,A,G,267.64,.,AC=1;AF=0.500;AN=2;BaseQRankSum=1.253;DP=52;ExcessHet=0.0000;FS=4.344;MLEAC=1;MLEAF=0.500;MQ=44.53;MQRankSum=3.787;QD=5.15;ReadPosRankSum=-1.955;SOR=1.139,GT:AD:DP:GQ:PL,"0/1:36,16:52:99:275,0,748",patient_number10
40,chr1,183189,183189,G,C,ncRNA_exonic,DDX11L17,.,.,.,1p36.33,.,.,.,.,.,.,.,.,.,.,.,.,.,.,.,.,.,.,.,.,.,.,.,.,.,.,.,.,.,.,.,.,.,.,.,.,.,.,.,.,.,.,.,0.5,151.64,13,chr1,183189,.,G,C,151.64,.,AC=1;AF=0.500;AN=2;BaseQRankSum=-3.361;DP=13;ExcessHet=0.0000;FS=0.000;MLEAC=1;MLEAF=0.500;MQ=36.53;MQRankSum=0.176;QD=11.66;ReadPosRankSum=-0.424;SOR=0.446,GT:AD:DP:GQ:PL,"0/1:5,8:13:99:159,0,131",patient_number10
42,chr1,182785,182785,A,G,ncRNA_intronic,DDX11L17,.,.,.,1p36.33,.,.,.,.,.,.,.,.,.,.,.,.,.,.,.,.,.,.,.,.,.,.,.,.,.,.,.,.,.,.,.,.,.,.,.,.,.,.,.,.,.,.,.,0.5,54.64,102,chr1,182785,.,A,G,54.64,.,AC=1;AF=0.500;AN=2;BaseQRankSum=0.746;DP=113;ExcessHet=0.0000;FS=8.697;MLEAC=1;MLEAF=0.500;MQ=54.87;MQRankSum=-8.054;QD=0.54;ReadPosRankSum=-5.476;SOR=2.032,GT:AD:DP:GQ:PL,"0/1:89,13:102:62:62,0,2135",patient_number11
43,chr1,182903,182903,C,G,ncRNA_intronic,DDX11L17,.,.,.,1p36.33,.,.,.,.,.,.,.,.,.,.,.,.,.,.,.,.,.,.,.,.,.,.,.,.,.,.,.,.,.,.,.,.,.,.,.,.,.,.,.,.,.,.,.,0.5,91.64,43,chr1,182903,.,C,G,91.64,.,AC=1;AF=0.500;AN=2;BaseQRankSum=3.410;DP=43;ExcessHet=0.0000;FS=14.465;MLEAC=1;MLEAF=0.500;MQ=53.27;MQRankSum=-5.121;QD=2.13;ReadPosRankSum=1.577;SOR=3.872,GT:AD:DP:GQ:PL,"0/1:35,8:43:99:99,0,894",patient_number11
44,chr1,183078,183078,G,A,ncRNA_intronic,DDX11L17,.,.,.,1p36.33,.,.,.,.,.,.,.,.,.,.,.,.,.,.,.,.,.,.,.,.,.,.,.,.,.,.,.,.,.,.,.,.,.,.,.,.,.,.,.,.,.,.,.,0.5,298.64,33,chr1,183078,.,G,A,298.64,.,AC=1;AF=0.500;AN=2;BaseQRankSum=4.331;DP=34;ExcessHet=0.0000;FS=10.766;MLEAC=1;MLEAF=0.500;MQ=28.13;MQRankSum=2.660;QD=9.05;ReadPosRankSum=-0.425;SOR=0.055,GT:AD:DP:GQ:PL,"0/1:20,13:33:99:306,0,457",patient_number11
45,chr1,183189,183189,G,C,ncRNA_exonic,DDX11L17,.,.,.,1p36.33,.,.,.,.,.,.,.,.,.,.,.,.,.,.,.,.,.,.,.,.,.,.,.,.,.,.,.,.,.,.,.,.,.,.,.,.,.,.,.,.,.,.,.,0.5,790.64,85,chr1,183189,.,G,C,790.64,.,AC=1;AF=0.500;AN=2;BaseQRankSum=-1.514;DP=90;ExcessHet=0.0000;FS=3.322;MLEAC=1;MLEAF=0.500;MQ=31.77;MQRankSum=1.236;QD=9.30;ReadPosRankSum=-1.087;SOR=1.112,GT:AD:DP:GQ:PL,"0/1:48,37:85:99:798,0,1073",patient_number11
46,chr1,183697,183697,G,A,ncRNA_intronic,DDX11L17,.,.,.,1p36.33,.,.,.,.,.,.,.,.,.,.,.,.,.,.,.,.,.,.,.,.,.,.,.,.,.,.,.,.,.,.,.,.,.,.,.,.,.,.,.,.,.,.,.,0.5,421.64,182,chr1,183697,.,G,A,421.64,.,AC=1;AF=0.500;AN=2;BaseQRankSum=0.037;DP=186;ExcessHet=0.0000;FS=4.602;MLEAC=1;MLEAF=0.500;MQ=35.63;MQRankSum=-2.692;QD=2.32;ReadPosRankSum=-0.184;SOR=1.112,GT:AD:DP:GQ:PL,"0/1:147,35:182:99:429,0,3829",patient_number11
47,chr1,183937,183937,G,A,ncRNA_exonic,DDX11L17,.,.,.,1p36.33,.,.,.,.,.,.,.,.,.,.,.,.,.,.,.,.,.,.,.,.,.,.,.,.,.,.,.,.,.,.,.,.,.,.,.,.,.,.,.,.,.,.,.,0.5,383.64,267,chr1,183937,.,G,A,383.64,.,AC=1;AF=0.500;AN=2;BaseQRankSum=1.775;DP=281;ExcessHet=0.0000;FS=1.325;MLEAC=1;MLEAF=0.500;MQ=34.20;MQRankSum=-1.854;QD=1.44;ReadPosRankSum=-1.049;SOR=0.862,GT:AD:DP:GQ:PL,"0/1:224,43:267:99:391,0,5242",patient_number11
48,chr1,184340,184340,C,T,ncRNA_exonic,DDX11L17,.,.,.,1p36.33,.,.,.,.,.,.,.,.,.,.,.,.,.,.,.,.,.,.,.,.,.,.,.,.,.,.,.,.,.,.,.,.,.,.,.,.,.,.,.,.,.,.,.,0.5,199.64,28,chr1,184340,.,C,T,199.64,.,AC=1;AF=0.500;AN=2;BaseQRankSum=4.490;DP=30;ExcessHet=0.0000;FS=6.300;MLEAC=1;MLEAF=0.500;MQ=39.90;MQRankSum=0.000;QD=7.13;ReadPosRankSum=-0.766;SOR=0.076,GT:AD:DP:GQ:PL,"0/1:19,9:28:99:207,0,449",patient_number11
55,chr1,183078,183078,G,A,ncRNA_intronic,DDX11L17,.,.,.,1p36.33,.,.,.,.,.,.,.,.,.,.,.,.,.,.,.,.,.,.,.,.,.,.,.,.,.,.,.,.,.,.,.,.,.,.,.,.,.,.,.,.,.,.,.,0.5,205.64,19,chr1,183078,.,G,A,205.64,.,AC=1;AF=0.500;AN=2;BaseQRankSum=3.842;DP=19;ExcessHet=0.0000;FS=29.863;MLEAC=1;MLEAF=0.500;MQ=30.28;MQRankSum=3.397;QD=10.82;ReadPosRankSum=0.124;SOR=1.696,GT:AD:DP:GQ:PL,"0/1:11,8:19:99:213,0,241",patient_number12
56,chr1,183189,183189,G,C,ncRNA_exonic,DDX11L17,.,.,.,1p36.33,.,.,.,.,.,.,.,.,.,.,.,.,.,.,.,.,.,.,.,.,.,.,.,.,.,.,.,.,.,.,.,.,.,.,.,.,.,.,.,.,.,.,.,0.5,916.64,105,chr1,183189,.,G,C,916.64,.,AC=1;AF=0.500;AN=2;BaseQRankSum=-2.001;DP=112;ExcessHet=0.0000;FS=2.643;MLEAC=1;MLEAF=0.500;MQ=32.11;MQRankSum=-0.950;QD=8.73;ReadPosRankSum=0.255;SOR=0.987,GT:AD:DP:GQ:PL,"0/1:59,46:105:99:924,0,1331",patient_number12
57,chr1,183697,183697,G,A,ncRNA_intronic,DDX11L17,.,.,.,1p36.33,.,.,.,.,.,.,.,.,.,.,.,.,.,.,.,.,.,.,.,.,.,.,.,.,.,.,.,.,.,.,.,.,.,.,.,.,.,.,.,.,.,.,.,0.5,1102.64,221,chr1,183697,.,G,A,1102.64,.,AC=1;AF=0.500;AN=2;BaseQRankSum=2.314;DP=223;ExcessHet=0.0000;FS=6.370;MLEAC=1;MLEAF=0.500;MQ=35.91;MQRankSum=-4.529;QD=4.99;ReadPosRankSum=1.167;SOR=1.165,GT:AD:DP:GQ:PL,"0/1:157,64:221:99:1110,0,3671",patient_number12
58,chr1,183937,183937,G,A,ncRNA_exonic,DDX11L17,.,.,.,1p36.33,.,.,.,.,.,.,.,.,.,.,.,.,.,.,.,.,.,.,.,.,.,.,.,.,.,.,.,.,.,.,.,.,.,.,.,.,.,.,.,.,.,.,.,0.5,1604.64,266,chr1,183937,.,G,A,1604.64,.,AC=1;AF=0.500;AN=2;BaseQRankSum=2.447;DP=270;ExcessHet=0.0000;FS=5.406;MLEAC=1;MLEAF=0.500;MQ=32.74;MQRankSum=0.695;QD=6.03;ReadPosRankSum=-2.518;SOR=1.042,GT:AD:DP:GQ:PL,"0/1:178,88:266:99:1612,0,3930",patient_number12
59,chr1,184413,184413,C,A,ncRNA_exonic,DDX11L17,.,.,.,1p36.33,.,.,.,.,.,.,.,.,.,.,.,.,.,.,.,.,.,.,.,.,.,.,.,.,.,.,.,.,.,.,.,.,.,.,.,.,.,.,.,.,.,.,.,0.5,112.64,10,chr1,184413,.,C,A,112.64,.,AC=1;AF=0.500;AN=2;BaseQRankSum=-2.450;DP=10;ExcessHet=0.0000;FS=6.990;MLEAC=1;MLEAF=0.500;MQ=47.29;MQRankSum=-0.431;QD=11.26;ReadPosRankSum=1.902;SOR=0.039,GT:AD:DP:GQ:PL,"0/1:4,6:10:99:120,0,103",patient_number12
67,chr1,182686,182686,A,G,ncRNA_exonic,DDX11L17,.,.,.,1p36.33,.,.,.,.,.,.,.,.,.,.,.,.,.,.,.,.,.,.,.,.,.,.,.,.,.,.,.,.,.,.,.,.,.,.,.,.,.,.,.,.,.,.,.,0.5,1008.64,278,chr1,182686,.,A,G,1008.64,.,AC=1;AF=0.500;AN=2;BaseQRankSum=-1.079;DP=280;ExcessHet=0.0000;FS=4.746;MLEAC=1;MLEAF=0.500;MQ=43.32;MQRankSum=1.434;QD=3.63;ReadPosRankSum=-1.922;SOR=1.030,GT:AD:DP:GQ:PL,"0/1:207,71:278:99:1016,0,4523",patient_number13
68,chr1,183078,183078,G,A,ncRNA_intronic,DDX11L17,.,.,.,1p36.33,.,.,.,.,.,.,.,.,.,.,.,.,.,.,.,.,.,.,.,.,.,.,.,.,.,.,.,.,.,.,.,.,.,.,.,.,.,.,.,.,.,.,.,0.5,237.64,49,chr1,183078,.,G,A,237.64,.,AC=1;AF=0.500;AN=2;BaseQRankSum=4.024;DP=51;ExcessHet=0.0000;FS=0.000;MLEAC=1;MLEAF=0.500;MQ=26.97;MQRankSum=-0.324;QD=4.85;ReadPosRankSum=-0.181;SOR=0.910,GT:AD:DP:GQ:PL,"0/1:36,13:49:99:245,0,878",patient_number13
69,chr1,183189,183189,G,C,ncRNA_exonic,DDX11L17,.,.,.,1p36.33,.,.,.,.,.,.,.,.,.,.,.,.,.,.,.,.,.,.,.,.,.,.,.,.,.,.,.,.,.,.,.,.,.,.,.,.,.,.,.,.,.,.,.,0.5,714.64,172,chr1,183189,.,G,C,714.64,.,AC=1;AF=0.500;AN=2;BaseQRankSum=-3.729;DP=190;ExcessHet=0.0000;FS=2.407;MLEAC=1;MLEAF=0.500;MQ=31.75;MQRankSum=-0.693;QD=4.15;ReadPosRankSum=-1.531;SOR=0.953,GT:AD:DP:GQ:PL,"0/1:127,45:172:99:722,0,3145",patient_number13
70,chr1,183358,183358,G,C,ncRNA_intronic,DDX11L17,.,.,.,1p36.33,.,.,.,.,.,.,.,.,.,.,.,.,.,.,.,.,.,.,.,.,.,.,.,.,.,.,.,.,.,.,.,.,.,.,.,.,.,.,.,.,.,.,.,0.5,386.64,124,chr1,183358,.,G,C,386.64,.,AC=1;AF=0.500;AN=2;BaseQRankSum=1.222;DP=132;ExcessHet=0.0000;FS=6.017;MLEAC=1;MLEAF=0.500;MQ=37.05;MQRankSum=-3.743;QD=3.12;ReadPosRankSum=0.549;SOR=0.296,GT:AD:DP:GQ:PL,"0/1:97,27:124:99:394,0,2435",patient_number13
71,chr1,183706,183706,-,T,ncRNA_intronic,DDX11L17,.,.,.,1p36.33,.,.,.,.,.,.,.,.,.,.,.,.,.,.,.,.,.,.,.,.,.,.,.,.,.,.,.,.,.,.,.,.,.,.,.,.,.,.,.,.,.,.,.,0.5,1095.6,241,chr1,183706,.,G,GT,1095.6,.,AC=1;AF=0.500;AN=2;BaseQRankSum=-0.938;DP=241;ExcessHet=0.0000;FS=0.000;MLEAC=1;MLEAF=0.500;MQ=36.99;MQRankSum=1.357;QD=4.55;ReadPosRankSum=-0.563;SOR=0.728,GT:AD:DP:GQ:PL,"0/1:191,50:241:99:1103,0,6409",patient_number13
72,chr1,184413,184413,C,A,ncRNA_exonic,DDX11L17,.,.,.,1p36.33,.,.,.,.,.,.,.,.,.,.,.,.,.,.,.,.,.,.,.,.,.,.,.,.,.,.,.,.,.,.,.,.,.,.,.,.,.,.,.,.,.,.,.,0.5,124.64,27,chr1,184413,.,C,A,124.64,.,AC=1;AF=0.500;AN=2;BaseQRankSum=-0.260;DP=27;ExcessHet=0.0000;FS=3.927;MLEAC=1;MLEAF=0.500;MQ=46.57;MQRankSum=-0.300;QD=4.62;ReadPosRankSum=0.665;SOR=1.705,GT:AD:DP:GQ:PL,"0/1:19,8:27:99:132,0,470",patient_number13
79,chr1,182785,182785,A,G,ncRNA_intronic,DDX11L17,.,.,.,1p36.33,.,.,.,.,.,.,.,.,.,.,.,.,.,.,.,.,.,.,.,.,.,.,.,.,.,.,.,.,.,.,.,.,.,.,.,.,.,.,.,.,.,.,.,1.0,231.04,8,chr1,182785,.,A,G,231.04,.,AC=2;AF=1.00;AN=2;DP=11;ExcessHet=0.0000;FS=0.000;MLEAC=2;MLEAF=1.00;MQ=38.05;QD=28.88;SOR=2.833,GT:AD:DP:GQ:PL,"1/1:0,8:8:24:245,24,0",patient_number14
80,chr1,182903,182903,C,G,ncRNA_intronic,DDX11L17,.,.,.,1p36.33,.,.,.,.,.,.,.,.,.,.,.,.,.,.,.,.,.,.,.,.,.,.,.,.,.,.,.,.,.,.,.,.,.,.,.,.,.,.,.,.,.,.,.,1.0,100.14,4,chr1,182903,.,C,G,100.14,.,AC=2;AF=1.00;AN=2;DP=4;ExcessHet=0.0000;FS=0.000;MLEAC=2;MLEAF=1.00;MQ=23.76;QD=25.04;SOR=3.258,GT:AD:DP:GQ:PL,"1/1:0,4:4:12:114,12,0",patient_number14
81,chr1,183189,183189,G,C,ncRNA_exonic,DDX11L17,.,.,.,1p36.33,.,.,.,.,.,.,.,.,.,.,.,.,.,.,.,.,.,.,.,.,.,.,.,.,.,.,.,.,.,.,.,.,.,.,.,.,.,.,.,.,.,.,.,0.5,251.64,67,chr1,183189,.,G,C,251.64,.,AC=1;AF=0.500;AN=2;BaseQRankSum=-1.160;DP=71;ExcessHet=0.0000;FS=0.000;MLEAC=1;MLEAF=0.500;MQ=33.27;MQRankSum=-0.314;QD=3.76;ReadPosRankSum=0.289;SOR=0.572,GT:AD:DP:GQ:PL,"0/1:50,17:67:99:259,0,1226",patient_number14
82,chr1,183697,183697,G,A,ncRNA_intronic,DDX11L17,.,.,.,1p36.33,.,.,.,.,.,.,.,.,.,.,.,.,.,.,.,.,.,.,.,.,.,.,.,.,.,.,.,.,.,.,.,.,.,.,.,.,.,.,.,.,.,.,.,0.5,465.64,120,chr1,183697,.,G,A,465.64,.,AC=1;AF=0.500;AN=2;BaseQRankSum=-1.488;DP=121;ExcessHet=0.0000;FS=0.807;MLEAC=1;MLEAF=0.500;MQ=36.33;MQRankSum=-2.983;QD=3.88;ReadPosRankSum=-1.050;SOR=0.569,GT:AD:DP:GQ:PL,"0/1:89,31:120:99:473,0,2158",patient_number14
83,chr1,183937,183937,G,A,ncRNA_exonic,DDX11L17,.,.,.,1p36.33,.,.,.,.,.,.,.,.,.,.,.,.,.,.,.,.,.,.,.,.,.,.,.,.,.,.,.,.,.,.,.,.,.,.,.,.,.,.,.,.,.,.,.,0.5,728.64,189,chr1,183937,.,G,A,728.64,.,AC=1;AF=0.500;AN=2;BaseQRankSum=-1.151;DP=195;ExcessHet=0.0000;FS=0.630;MLEAC=1;MLEAF=0.500;MQ=32.98;MQRankSum=-1.860;QD=3.86;ReadPosRankSum=0.589;SOR=0.790,GT:AD:DP:GQ:PL,"0/1:140,49:189:99:736,0,3293",patient_number14
84,chr1,184413,184413,C,A,ncRNA_exonic,DDX11L17,.,.,.,1p36.33,.,.,.,.,.,.,.,.,.,.,.,.,.,.,.,.,.,.,.,.,.,.,.,.,.,.,.,.,.,.,.,.,.,.,.,.,.,.,.,.,.,.,.,0.5,107.64,15,chr1,184413,.,C,A,107.64,.,AC=1;AF=0.500;AN=2;BaseQRankSum=-1.254;DP=15;ExcessHet=0.0000;FS=0.000;MLEAC=1;MLEAF=0.500;MQ=43.24;MQRankSum=-0.416;QD=7.18;ReadPosRankSum=-0.228;SOR=1.075,GT:AD:DP:GQ:PL,"0/1:9,6:15:99:115,0,222",patient_number14
90,chr1,182903,182903,C,G,ncRNA_intronic,DDX11L17,.,.,.,1p36.33,.,.,.,.,.,.,.,.,.,.,.,.,.,.,.,.,.,.,.,.,.,.,.,.,.,.,.,.,.,.,.,.,.,.,.,.,.,.,.,.,.,.,.,1.0,46.32,2,chr1,182903,.,C,G,46.32,.,AC=2;AF=1.00;AN=2;DP=2;ExcessHet=0.0000;FS=0.000;MLEAC=1;MLEAF=0.500;MQ=24.02;QD=23.16;SOR=2.303,GT:AD:DP:GQ:PL,"1/1:0,2:2:6:58,6,0",patient_number15
91,chr1,183189,183189,G,C,ncRNA_exonic,DDX11L17,.,.,.,1p36.33,.,.,.,.,.,.,.,.,.,.,.,.,.,.,.,.,.,.,.,.,.,.,.,.,.,.,.,.,.,.,.,.,.,.,.,.,.,.,.,.,.,.,.,0.5,916.64,88,chr1,183189,.,G,C,916.64,.,AC=1;AF=0.500;AN=2;BaseQRankSum=-0.954;DP=93;ExcessHet=0.0000;FS=0.000;MLEAC=1;MLEAF=0.500;MQ=31.61;MQRankSum=1.532;QD=10.42;ReadPosRankSum=-0.740;SOR=0.693,GT:AD:DP:GQ:PL,"0/1:44,44:88:99:924,0,936",patient_number15
92,chr1,183937,183937,G,A,ncRNA_exonic,DDX11L17,.,.,.,1p36.33,.,.,.,.,.,.,.,.,.,.,.,.,.,.,.,.,.,.,.,.,.,.,.,.,.,.,.,.,.,.,.,.,.,.,.,.,.,.,.,.,.,.,.,0.5,744.64,217,chr1,183937,.,G,A,744.64,.,AC=1;AF=0.500;AN=2;BaseQRankSum=-1.006;DP=226;ExcessHet=0.0000;FS=1.232;MLEAC=1;MLEAF=0.500;MQ=33.93;MQRankSum=-1.683;QD=3.43;ReadPosRankSum=-0.034;SOR=0.804,GT:AD:DP:GQ:PL,"0/1:163,54:217:99:752,0,3717",patient_number15
93,chr1,184413,184413,C,A,ncRNA_exonic,DDX11L17,.,.,.,1p36.33,.,.,.,.,.,.,.,.,.,.,.,.,.,.,.,.,.,.,.,.,.,.,.,.,.,.,.,.,.,.,.,.,.,.,.,.,.,.,.,.,.,.,.,0.5,150.64,13,chr1,184413,.,C,A,150.64,.,AC=1;AF=0.500;AN=2;BaseQRankSum=-1.547;DP=13;ExcessHet=0.0000;FS=9.890;MLEAC=1;MLEAF=0.500;MQ=47.36;MQRankSum=0.536;QD=11.59;ReadPosRankSum=-0.278;SOR=1.414,GT:AD:DP:GQ:PL,"0/1:6,7:13:99:158,0,141",patient_number15
101,chr1,183189,183189,G,C,ncRNA_exonic,DDX11L17,.,.,.,1p36.33,.,.,.,.,.,.,.,.,.,.,.,.,.,.,.,.,.,.,.,.,.,.,.,.,.,.,.,.,.,.,.,.,.,.,.,.,.,.,.,.,.,.,.,0.5,112.64,8,chr1,183189,.,G,C,112.64,.,AC=1;AF=0.500;AN=2;BaseQRankSum=0.366;DP=8;ExcessHet=0.0000;FS=0.000;MLEAC=1;MLEAF=0.500;MQ=31.59;MQRankSum=0.619;QD=14.08;ReadPosRankSum=0.921;SOR=1.329,GT:AD:DP:GQ:PL,"0/1:2,6:8:26:120,0,26",patient_number16
103,chr1,183358,183358,G,C,ncRNA_intronic,DDX11L17,.,.,.,1p36.33,.,.,.,.,.,.,.,.,.,.,.,.,.,.,.,.,.,.,.,.,.,.,.,.,.,.,.,.,.,.,.,.,.,.,.,.,.,.,.,.,.,.,.,1.0,785.06,28,chr1,183358,.,G,C,785.06,.,AC=2;AF=1.00;AN=2;DP=28;ExcessHet=0.0000;FS=0.000;MLEAC=2;MLEAF=1.00;MQ=36.79;QD=28.04;SOR=1.179,GT:AD:DP:GQ:PL,"1/1:0,28:28:84:799,84,0",patient_number19
104,chr1,183598,183598,C,G,ncRNA_intronic,DDX11L17,.,.,.,1p36.33,.,.,.,.,.,.,.,.,.,.,.,.,.,.,.,.,.,.,.,.,.,.,.,.,.,.,.,.,.,.,.,.,.,.,.,.,.,.,.,.,.,.,.,1.0,295.03,11,chr1,183598,.,C,G,295.03,.,AC=2;AF=1.00;AN=2;BaseQRankSum=1.950;DP=11;ExcessHet=0.0000;FS=0.000;MLEAC=2;MLEAF=1.00;MQ=32.35;MQRankSum=0.681;QD=26.82;ReadPosRankSum=0.953;SOR=0.399,GT:AD:DP:GQ:PL,"1/1:1,10:11:23:309,23,0",patient_number19
108,chr1,182686,182686,A,G,ncRNA_exonic,DDX11L17,.,.,.,1p36.33,.,.,.,.,.,.,.,.,.,.,.,.,.,.,.,.,.,.,.,.,.,.,.,.,.,.,.,.,.,.,.,.,.,.,.,.,.,.,.,.,.,.,.,0.5,1836.64,171,chr1,182686,.,A,G,1836.64,.,AC=1;AF=0.500;AN=2;BaseQRankSum=3.611;DP=171;ExcessHet=0.0000;FS=6.519;MLEAC=1;MLEAF=0.500;MQ=44.07;MQRankSum=4.361;QD=10.74;ReadPosRankSum=-3.300;SOR=1.089,GT:AD:DP:GQ:PL,"0/1:81,90:171:99:1844,0,1450",patient_number20
109,chr1,183189,183189,G,C,ncRNA_exonic,DDX11L17,.,.,.,1p36.33,.,.,.,.,.,.,.,.,.,.,.,.,.,.,.,.,.,.,.,.,.,.,.,.,.,.,.,.,.,.,.,.,.,.,.,.,.,.,.,.,.,.,.,0.5,397.64,91,chr1,183189,.,G,C,397.64,.,AC=1;AF=0.500;AN=2;BaseQRankSum=-2.184;DP=98;ExcessHet=0.0000;FS=1.000;MLEAC=1;MLEAF=0.500;MQ=33.70;MQRankSum=-1.465;QD=4.37;ReadPosRankSum=1.225;SOR=0.871,GT:AD:DP:GQ:PL,"0/1:68,23:91:99:405,0,1666",patient_number20
110,chr1,183697,183697,G,A,ncRNA_intronic,DDX11L17,.,.,.,1p36.33,.,.,.,.,.,.,.,.,.,.,.,.,.,.,.,.,.,.,.,.,.,.,.,.,.,.,.,.,.,.,.,.,.,.,.,.,.,.,.,.,.,.,.,0.5,342.64,193,chr1,183697,.,G,A,342.64,.,AC=1;AF=0.500;AN=2;BaseQRankSum=3.781;DP=196;ExcessHet=0.0000;FS=17.804;MLEAC=1;MLEAF=0.500;MQ=37.27;MQRankSum=-3.940;QD=1.78;ReadPosRankSum=0.371;SOR=2.158,GT:AD:DP:GQ:PL,"0/1:162,31:193:99:350,0,3983",patient_number20
111,chr1,183937,183937,G,A,ncRNA_exonic,DDX11L17,.,.,.,1p36.33,.,.,.,.,.,.,.,.,.,.,.,.,.,.,.,.,.,.,.,.,.,.,.,.,.,.,.,.,.,.,.,.,.,.,.,.,.,.,.,.,.,.,.,0.5,639.64,269,chr1,183937,.,G,A,639.64,.,AC=1;AF=0.500;AN=2;BaseQRankSum=-1.000;DP=282;ExcessHet=0.0000;FS=1.194;MLEAC=1;MLEAF=0.500;MQ=34.45;MQRankSum=-0.529;QD=2.38;ReadPosRankSum=-0.930;SOR=0.589,GT:AD:DP:GQ:PL,"0/1:215,54:269:99:647,0,5040",patient_number20
116,chr1,182903,182903,C,G,ncRNA_intronic,DDX11L17,.,.,.,1p36.33,.,.,.,.,.,.,.,.,.,.,.,.,.,.,.,.,.,.,.,.,.,.,.,.,.,.,.,.,.,.,.,.,.,.,.,.,.,.,.,.,.,.,.,1.0,71.84,3,chr1,182903,.,C,G,71.84,.,AC=2;AF=1.00;AN=2;DP=3;ExcessHet=0.0000;FS=0.000;MLEAC=1;MLEAF=0.500;MQ=23.70;QD=23.95;SOR=2.833,GT:AD:DP:GQ:PL,"1/1:0,3:3:9:85,9,0",patient_number21
117,chr1,183937,183937,G,A,ncRNA_exonic,DDX11L17,.,.,.,1p36.33,.,.,.,.,.,.,.,.,.,.,.,.,.,.,.,.,.,.,.,.,.,.,.,.,.,.,.,.,.,.,.,.,.,.,.,.,.,.,.,.,.,.,.,0.5,48.64,7,chr1,183937,.,G,A,48.64,.,AC=1;AF=0.500;AN=2;BaseQRankSum=0.253;DP=7;ExcessHet=0.0000;FS=0.000;MLEAC=1;MLEAF=0.500;MQ=34.15;MQRankSum=-1.465;QD=6.95;ReadPosRankSum=0.652;SOR=1.179,GT:AD:DP:GQ:PL,"0/1:4,3:7:56:56,0,68",patient_number21
121,chr1,183189,183189,G,C,ncRNA_exonic,DDX11L17,.,.,.,1p36.33,.,.,.,.,.,.,.,.,.,.,.,.,.,.,.,.,.,.,.,.,.,.,.,.,.,.,.,.,.,.,.,.,.,.,.,.,.,.,.,.,.,.,.,0.5,137.64,11,chr1,183189,.,G,C,137.64,.,AC=1;AF=0.500;AN=2;BaseQRankSum=-1.501;DP=11;ExcessHet=0.0000;FS=0.000;MLEAC=1;MLEAF=0.500;MQ=25.00;MQRankSum=0.000;QD=12.51;ReadPosRankSum=0.183;SOR=0.941,GT:AD:DP:GQ:PL,"0/1:4,7:11:76:145,0,76",patient_number22
125,chr1,182631,182631,A,G,ncRNA_exonic,DDX11L17,.,.,.,1p36.33,.,.,.,.,.,.,.,.,.,.,.,.,.,.,.,.,.,.,.,.,.,.,.,.,.,.,.,.,.,.,.,.,.,.,.,.,.,.,.,.,.,.,.,0.5,1021.64,215,chr1,182631,.,A,G,1021.64,.,AC=1;AF=0.500;AN=2;BaseQRankSum=-3.274;DP=220;ExcessHet=0.0000;FS=1.141;MLEAC=1;MLEAF=0.500;MQ=36.26;MQRankSum=-1.252;QD=4.75;ReadPosRankSum=0.857;SOR=0.582,GT:AD:DP:GQ:PL,"0/1:147,68:215:99:1029,0,3160",patient_number23
126,chr1,182686,182686,A,G,ncRNA_exonic,DDX11L17,.,.,.,1p36.33,.,.,.,.,.,.,.,.,.,.,.,.,.,.,.,.,.,.,.,.,.,.,.,.,.,.,.,.,.,.,.,.,.,.,.,.,.,.,.,.,.,.,.,0.5,1372.64,282,chr1,182686,.,A,G,1372.64,.,AC=1;AF=0.500;AN=2;BaseQRankSum=2.768;DP=284;ExcessHet=0.0000;FS=4.306;MLEAC=1;MLEAF=0.500;MQ=40.37;MQRankSum=3.959;QD=4.87;ReadPosRankSum=-1.917;SOR=0.666,GT:AD:DP:GQ:PL,"0/1:194,88:282:99:1380,0,3966",patient_number23
127,chr1,183697,183697,G,A,ncRNA_intronic,DDX11L17,.,.,.,1p36.33,.,.,.,.,.,.,.,.,.,.,.,.,.,.,.,.,.,.,.,.,.,.,.,.,.,.,.,.,.,.,.,.,.,.,.,.,.,.,.,.,.,.,.,0.5,1283.64,248,chr1,183697,.,G,A,1283.64,.,AC=1;AF=0.500;AN=2;BaseQRankSum=1.127;DP=253;ExcessHet=0.0000;FS=10.466;MLEAC=1;MLEAF=0.500;MQ=36.51;MQRankSum=-3.743;QD=5.18;ReadPosRankSum=1.819;SOR=1.314,GT:AD:DP:GQ:PL,"0/1:175,73:248:99:1291,0,4128",patient_number23
128,chr1,183800,183800,C,G,ncRNA_exonic,DDX11L17,.,.,.,1p36.33,.,.,.,.,.,.,.,.,.,.,.,.,.,.,.,.,.,.,.,.,.,.,.,.,.,.,.,.,.,.,.,.,.,.,.,.,.,.,.,.,.,.,.,0.5,429.64,659,chr1,183800,.,C,G,429.64,.,AC=1;AF=0.500;AN=2;BaseQRankSum=2.221;DP=671;ExcessHet=0.0000;FS=0.000;MLEAC=1;MLEAF=0.500;MQ=40.16;MQRankSum=-1.723;QD=0.65;ReadPosRankSum=2.439;SOR=0.658,GT:AD:DP:GQ:PL,"0/1:571,88:659:99:437,0,13191",patient_number23
129,chr1,183937,183937,G,A,ncRNA_exonic,DDX11L17,.,.,.,1p36.33,.,.,.,.,.,.,.,.,.,.,.,.,.,.,.,.,.,.,.,.,.,.,.,.,.,.,.,.,.,.,.,.,.,.,.,.,.,.,.,.,.,.,.,0.5,1735.64,406,chr1,183937,.,G,A,1735.64,.,AC=1;AF=0.500;AN=2;BaseQRankSum=2.429;DP=423;ExcessHet=0.0000;FS=2.859;MLEAC=1;MLEAF=0.500;MQ=34.15;MQRankSum=0.571;QD=4.27;ReadPosRankSum=-0.280;SOR=0.963,GT:AD:DP:GQ:PL,"0/1:296,110:406:99:1743,0,6544",patient_number23
130,chr1,184413,184413,C,A,ncRNA_exonic,DDX11L17,.,.,.,1p36.33,.,.,.,.,.,.,.,.,.,.,.,.,.,.,.,.,.,.,.,.,.,.,.,.,.,.,.,.,.,.,.,.,.,.,.,.,.,.,.,.,.,.,.,0.5,302.64,21,chr1,184413,.,C,A,302.64,.,AC=1;AF=0.500;AN=2;BaseQRankSum=1.273;DP=21;ExcessHet=0.0000;FS=0.000;MLEAC=1;MLEAF=0.500;MQ=45.23;MQRankSum=-0.590;QD=14.41;ReadPosRankSum=0.290;SOR=0.836,GT:AD:DP:GQ:PL,"0/1:8,13:21:99:310,0,149",patient_number23
